Tiny,Small,Medium
0.007022407129746163,NA,NA
2.649566961194667e-4,0.03951905231978642,NA
2.0296452263090317e-5,0.0011828243199999953,0.03951905231978642
